english,kana,japanese,pos
adorable,アドーラブル,愛らしい、かわいらしい,形容詞
anticipate,アンティシペイト,期待する、待ち望む、予期する,動詞
iconic,アイコニック,象徴的な、アイコン的な、誰にとってもおなじみの,形容詞
encounter,エンカウンター,遭遇する、思いがけず出会う,動詞
exhibit,イグジビット,展示、展示物,名詞
be headed to ~,ビー ヘディッド トゥ,〜に向かっている,熟語
first-ever,ファーストエヴァー,史上初の、これまでにない,形容詞
enter a lottery,エンター ア ロタリー,抽選に申し込む、抽選に参加する,熟語
in advance,イン アドヴァンス,事前に、前もって,熟語
relic,レリック,遺物、過去の遺物,名詞
explore,エクスプロー,探検する、見て回る、探求する,動詞
feature,フィーチャー,〜を特徴とする、〜を目玉にする、〜をあしらう,動詞
massive,マッシブ,巨大な、大規模な,形容詞
release,リリース,発売する、発表する、リリースする,動詞
on display,オン ディスプレイ,展示されて,熟語
sign up for ~,サイン アップ フォー,〜に申し込む、〜に登録する,句動詞
unveil,アンヴェイル,発表する、公開する、お披露目する,動詞
peep,ピープ,のぞき見る、ちらっと見る,動詞
concentration,コンセントレーション,集中力、集中,名詞
intense,インテンス,激しい、強烈な、（集中力などが）極度の,形容詞
tiny,タイニー,とても小さな、極小の、ちっちゃな,形容詞
patience,ペイシェンス,忍耐、忍耐力、我慢,名詞
assemble,アセンブル,組み立てる、集める,動詞
come off,カム オフ,（部品などが）取れる、外れる、剥がれる、（計画などが）うまくいく,句動詞
classic,クラシック,昔ながらの、定番の、典型的な、古典的な,形容詞
tight,タイト,きつい、しっかり固定された、固く締まった、窮屈な,形容詞
amount (of),アマウント オブ,（〜の）量、額,名詞
roll out (from),ロール アウト フロム,（新製品などを）公開する、発表する、展開する、（〜から）転がり出る,句動詞
